date,total_use_kW
2014-12-01,30.43457311789257
2014-12-02,31.65560549729682
2014-12-03,18.306380518619733
2014-12-04,31.435899391212786
2014-12-05,23.81815813392464
2014-12-06,21.34638908486164
2014-12-07,22.95965138376539
2014-12-08,24.902481542574016
2014-12-09,20.058072495535242
2014-12-10,18.536160707314906
2014-12-11,19.50709979586847
2014-12-12,21.959088415345136
2014-12-13,25.625546187482186
2014-12-14,24.562401856009373
2014-12-15,27.90688889227326
2014-12-16,17.042749260137768
2014-12-17,23.64611421449129
2014-12-18,26.085201368266695
2014-12-19,25.60049498468375
2014-12-20,25.383613335145114
2014-12-21,15.022009798695777
2014-12-22,13.784884886267292
2014-12-23,14.203929900889506
2014-12-24,16.896650345013597
2014-12-25,30.401744507970534
2014-12-26,34.00289193567674
2014-12-27,26.726799474867164
2014-12-28,27.75019122816093
2014-12-29,30.477620691155693
2014-12-30,29.754506064854517
2014-12-31,25.71173411877682
